bank_name,total_txn,failures,failure_rate_%
Axis,2941,533,18.123087385243114
HDFC,2940,549,18.6734693877551
ICICI,3012,551,18.293492695883135
PNB,3043,538,17.67992113046336
SBI,3064,513,16.742819843342037
