city,total_txn,failures,failure_rate_%
Bangalore,2972,513,17.261103633916555
Chennai,3024,559,18.485449735449734
Delhi,2986,545,18.251841929002012
Hyderabad,2987,538,18.01138265818547
Mumbai,3031,529,17.45298581326295
